Date,Coal_Production (Tonnes),Fuel_Diesel (Litres),Electricity_Grid (kWh),Explosives (kg),VAM_Concentration%,Fire_Risk_Index (0-10)
1/1/2023,3102,3766,27439,465,0.239,0
1/2/2023,3121,3693,27460,0,0.243,0
1/3/2023,3151,3804,27665,472,0.236,1
1/4/2023,3385,4010,29394,0,0.215,0
1/5/2023,3235,3807,28667,485,0.22,0
1/6/2023,3187,3803,28269,0,0.239,0
1/7/2023,3054,3735,27349,458,0.243,0
1/8/2023,3328,3924,29714,0,0.248,1
1/9/2023,3264,3840,28602,489,0.212,0
1/10/2023,3427,4111,29542,0,0.245,0
1/11/2023,3359,4071,29442,503,0.21,0
1/12/2023,3476,4249,30599,0,0.247,1
1/13/2023,3269,3958,28724,490,0.229,0
1/14/2023,3189,3800,28223,0,0.214,1
1/15/2023,3409,4166,29965,511,0.214,0
1/16/2023,3300,3892,29549,0,0.239,0
1/17/2023,3471,4084,30004,520,0.236,0
1/18/2023,3378,3984,29512,0,0.206,1
1/19/2023,3327,3984,28912,499,0.219,0
1/20/2023,3292,3986,29170,0,0.244,0
1/21/2023,3100,3790,28002,465,0.236,0
1/22/2023,3397,4075,29800,0,0.221,0
1/23/2023,3460,4102,30603,519,0.224,0
1/24/2023,3387,4130,29471,0,0.221,0
1/25/2023,3035,3706,27329,455,0.235,1
1/26/2023,3169,3849,28301,0,0.244,1
1/27/2023,3043,3639,27627,456,0.216,0
1/28/2023,3472,4136,29924,0,0.211,0
1/29/2023,3115,3715,27634,467,0.208,0
1/30/2023,3317,3936,28865,0,0.217,1
1/31/2023,3373,4002,29665,505,0.22,0
2/1/2023,3441,4205,29847,0,0.225,0
2/2/2023,3112,3808,27580,466,0.249,0
2/3/2023,3342,3974,29776,0,0.212,0
2/4/2023,3171,3797,28243,475,0.23,0
2/5/2023,3183,3779,28484,0,0.218,0
2/6/2023,3197,3820,28662,479,0.24,0
2/7/2023,3186,3775,27892,0,0.23,0
2/8/2023,3402,4116,30108,510,0.217,0
2/9/2023,3488,4217,30305,0,0.247,0
2/10/2023,3475,4209,30041,521,0.227,0
2/11/2023,3262,3939,29123,0,0.228,0
2/12/2023,3001,3672,27398,450,0.228,1
2/13/2023,3008,3577,27224,0,0.242,1
2/14/2023,3053,3704,27492,457,0.204,0
2/15/2023,3421,4132,30024,0,0.219,1
2/16/2023,3152,3707,27764,472,0.227,0
2/17/2023,3207,3924,28157,0,0.201,0
2/18/2023,3303,4002,29259,495,0.242,0
2/19/2023,3032,3644,27231,0,0.232,0
2/20/2023,3157,3860,28004,473,0.245,0
2/21/2023,3225,3846,28706,0,0.233,1
2/22/2023,3316,3979,29278,497,0.238,0
2/23/2023,3171,3872,28600,0,0.246,0
2/24/2023,3232,3948,28470,484,0.228,0
2/25/2023,3187,3878,28125,0,0.219,1
2/26/2023,3255,3903,28668,488,0.22,1
2/27/2023,3322,3997,28879,0,0.231,1
2/28/2023,3449,4098,29945,517,0.216,1
3/1/2023,3392,4103,29610,0,0.215,1
3/2/2023,3354,3985,29582,503,0.204,0
3/3/2023,3035,3685,27372,0,0.235,0
3/4/2023,3459,4214,29755,518,0.229,0
3/5/2023,3446,4058,30088,0,0.227,0
3/6/2023,3313,4032,28959,496,0.202,0
3/7/2023,3490,4125,30451,0,0.238,0
3/8/2023,3004,3598,27315,450,0.21,0
3/9/2023,3354,4046,29690,0,0.249,0
3/10/2023,3157,3718,28009,473,0.222,0
3/11/2023,3345,3937,29848,0,0.242,0
3/12/2023,3128,3704,27595,469,0.213,0
3/13/2023,3047,3610,27699,0,0.232,0
3/14/2023,3191,3837,28436,478,0.221,0
3/15/2023,3143,3720,27666,0,0.217,0
3/16/2023,3046,3588,27625,456,0.235,0
3/17/2023,3217,3901,28795,0,0.217,0
3/18/2023,3356,4010,29600,503,0.232,0
3/19/2023,3222,3791,28945,0,0.225,0
3/20/2023,3492,4133,30024,523,0.232,0
3/21/2023,3383,4081,29966,0,0.234,0
3/22/2023,3032,3632,27262,454,0.247,0
3/23/2023,3416,4124,29631,0,0.214,0
3/24/2023,3301,3884,28732,495,0.234,0
3/25/2023,3263,3897,29006,0,0.217,0
3/26/2023,3390,4005,29916,508,0.231,1
3/27/2023,3419,4089,30380,0,0.227,0
3/28/2023,3407,4138,30316,511,0.221,0
3/29/2023,3486,4196,30760,0,0.228,0
3/30/2023,3182,3856,28500,477,0.205,1
3/31/2023,3061,3672,27332,0,0.215,0
4/1/2023,3099,3646,28044,464,0.205,0
4/2/2023,3205,3873,28419,0,0.225,0
4/3/2023,3068,3651,27328,460,0.234,0
4/4/2023,3150,3822,27709,0,0.247,1
4/5/2023,3397,4084,29723,509,0.244,0
4/6/2023,3145,3844,28180,0,0.242,1
4/7/2023,3229,3810,28784,484,0.204,1
4/8/2023,3121,3692,27858,0,0.212,0
4/9/2023,3364,4015,29842,504,0.247,1
4/10/2023,3131,3734,28099,0,0.224,0
4/11/2023,3166,3787,28522,474,0.206,0
4/12/2023,3140,3753,28042,0,0.237,0
4/13/2023,3382,4082,29906,507,0.229,1
4/14/2023,3190,3824,27957,0,0.226,0
4/15/2023,3057,3596,27801,458,0.202,1
4/16/2023,3373,4116,30006,0,0.213,0
4/17/2023,3440,4131,30204,516,0.235,0
4/18/2023,3372,4078,29494,0,0.237,1
4/19/2023,3329,4066,29666,499,0.223,0
4/20/2023,3007,3560,27172,0,0.219,0
4/21/2023,3027,3571,27591,454,0.249,0
4/22/2023,3144,3739,27929,0,0.23,0
4/23/2023,3396,4142,30078,509,0.247,0
4/24/2023,3302,4028,28728,0,0.244,0
4/25/2023,3004,3536,26924,450,0.241,1
4/26/2023,3176,3792,28453,0,0.22,1
4/27/2023,3176,3862,28204,476,0.221,0
4/28/2023,3495,4122,30652,0,0.227,0
4/29/2023,3258,3918,29051,488,0.247,1
4/30/2023,3144,3733,27748,0,0.213,0
5/1/2023,3259,3868,28969,488,0.231,0
5/2/2023,3071,3614,27495,0,0.224,1
5/3/2023,3305,4021,29183,495,0.228,1
5/4/2023,3312,3988,29165,0,0.221,0
5/5/2023,3397,4109,29505,509,0.207,0
5/6/2023,3293,3968,29176,0,0.228,0
5/7/2023,3481,4151,30380,522,0.239,0
5/8/2023,3246,3898,28901,0,0.24,0
5/9/2023,3400,4078,29569,510,0.223,1
5/10/2023,3052,3640,27115,0,0.229,0
5/11/2023,3110,3676,27446,466,0.208,0
5/12/2023,3007,3562,27214,0,0.221,1
5/13/2023,3154,3810,27788,473,0.21,0
5/14/2023,3004,3582,26899,0,0.202,0
5/15/2023,3132,3752,27666,469,0.218,0
5/16/2023,3300,3931,28723,0,0.224,0
5/17/2023,3055,3720,27745,458,0.203,0
5/18/2023,3256,3842,28880,0,0.249,0
5/19/2023,3055,3663,27486,458,0.218,0
5/20/2023,3364,3966,29216,0,0.207,0
5/21/2023,3406,4089,29872,510,0.205,0
5/22/2023,3226,3855,28225,0,0.237,0
5/23/2023,3038,3619,27020,455,0.216,0
5/24/2023,3144,3749,27985,0,0.218,0
5/25/2023,3145,3711,28047,471,0.229,0
5/26/2023,3368,4052,29461,0,0.217,1
5/27/2023,3319,3994,29099,497,0.249,0
5/28/2023,3288,3867,28763,0,0.218,0
5/29/2023,3349,3968,29241,502,0.209,1
5/30/2023,3246,3825,28284,0,0.235,1
5/31/2023,3005,3591,27430,450,0.243,1
6/1/2023,3368,4040,29786,0,0.241,0
6/2/2023,3202,3853,28216,480,0.238,0
6/3/2023,3117,3771,27556,0,0.237,0
6/4/2023,3000,3615,26822,450,0.229,0
6/5/2023,3355,3997,29573,0,0.218,0
6/6/2023,3260,3843,29267,489,0.216,1
6/7/2023,3320,3926,28777,0,0.206,0
6/8/2023,3037,3631,27130,455,0.246,1
6/9/2023,3235,3867,29037,0,0.25,0
6/10/2023,3482,4105,30609,522,0.229,1
6/11/2023,3327,4044,29522,0,0.24,1
6/12/2023,3164,3844,28294,474,0.226,0
6/13/2023,3236,3896,28817,0,0.223,0
6/14/2023,3287,3938,28826,493,0.237,0
6/15/2023,3152,3760,27968,0,0.227,0
6/16/2023,3103,3742,27388,465,0.247,0
6/17/2023,3455,4178,29862,0,0.244,0
6/18/2023,3477,4238,30619,521,0.208,0
6/19/2023,3484,4227,30039,0,0.21,0
6/20/2023,3004,3659,26895,450,0.241,0
6/21/2023,3227,3865,28682,0,0.225,0
6/22/2023,3156,3746,28288,473,0.236,0
6/23/2023,3242,3900,28890,0,0.23,1
6/24/2023,3253,3967,28846,487,0.22,0
6/25/2023,3301,3979,29487,0,0.207,0
6/26/2023,3480,4095,30722,522,0.247,0
6/27/2023,3323,4033,28817,0,0.233,0
6/28/2023,3286,3960,28932,492,0.237,1
6/29/2023,3213,3918,28151,0,0.212,0
6/30/2023,3419,4041,30335,512,0.243,0
7/1/2023,3423,4125,29845,0,0.237,0
7/2/2023,3312,3895,29029,496,0.22,0
7/3/2023,3074,3751,27488,0,0.224,1
7/4/2023,3127,3711,27847,469,0.207,0
7/5/2023,3454,4089,29727,0,0.216,0
7/6/2023,3490,4210,29954,523,0.233,0
7/7/2023,3083,3693,27630,0,0.243,0
7/8/2023,3359,4031,29602,503,0.203,0
7/9/2023,3378,4102,29503,0,0.223,0
7/10/2023,3476,4166,30395,521,0.203,0
7/11/2023,3174,3813,28248,0,0.224,0
7/12/2023,3434,4063,29732,515,0.243,1
7/13/2023,3287,3908,29374,0,0.226,1
7/14/2023,3054,3614,27562,458,0.233,0
7/15/2023,3246,3856,28445,0,0.225,0
7/16/2023,3248,3944,28443,487,0.233,0
7/17/2023,3417,4150,30386,0,0.23,1
7/18/2023,3399,4062,29952,509,0.21,0
7/19/2023,3431,4049,30145,0,0.237,1
7/20/2023,3111,3685,27849,466,0.221,1
7/21/2023,3302,3982,28962,0,0.241,0
7/22/2023,3118,3706,27934,467,0.22,0
7/23/2023,3225,3925,28321,0,0.249,0
7/24/2023,3080,3750,27549,462,0.245,0
7/25/2023,3208,3847,28467,0,0.237,0
7/26/2023,3280,3897,28628,492,0.242,1
7/27/2023,3441,4195,30271,0,0.234,1
7/28/2023,3127,3695,27955,469,0.214,0
7/29/2023,3152,3782,28258,0,0.205,0
7/30/2023,3026,3689,27498,453,0.23,0
7/31/2023,3308,3918,29539,0,0.221,0
8/1/2023,3121,3733,27719,468,0.248,0
8/2/2023,3180,3831,28033,0,0.219,0
8/3/2023,3163,3828,27961,474,0.228,0
8/4/2023,3110,3799,27452,0,0.224,0
8/5/2023,3238,3848,28752,485,0.203,0
8/6/2023,3364,3981,29664,0,0.224,0
8/7/2023,3295,3990,29060,494,0.234,0
8/8/2023,3038,3583,26906,0,0.2,1
8/9/2023,3101,3734,27586,465,0.205,1
8/10/2023,3444,4180,30291,0,0.226,0
8/11/2023,3079,3749,27753,461,0.24,0
8/12/2023,3373,4069,30064,0,0.245,0
8/13/2023,3058,3741,27786,458,0.202,0
8/14/2023,3198,3914,28435,0,0.224,0
8/15/2023,3334,4032,29148,500,0.246,1
8/16/2023,3214,3902,28718,0,0.203,0
8/17/2023,3442,4184,29647,516,0.23,0
8/18/2023,3187,3821,28652,0,0.227,0
8/19/2023,3470,4091,30110,520,0.227,0
8/20/2023,3408,4128,29875,0,0.221,1
8/21/2023,3449,4060,30500,517,0.201,1
8/22/2023,3140,3750,28360,0,0.204,0
8/23/2023,3028,3672,27112,454,0.224,0
8/24/2023,3439,4089,29975,0,0.205,0
8/25/2023,3339,4044,29128,500,0.206,0
8/26/2023,3157,3841,28289,0,0.229,0
8/27/2023,3436,4203,29982,515,0.219,0
8/28/2023,3139,3835,28234,0,0.213,0
8/29/2023,3294,4012,29468,494,0.223,0
8/30/2023,3152,3819,27680,0,0.22,1
8/31/2023,3309,3987,29174,496,0.212,0
9/1/2023,3217,3788,28930,0,0.241,1
9/2/2023,3053,3732,27699,457,0.246,1
9/3/2023,3060,3636,27433,0,0.225,1
9/4/2023,3002,3647,26782,450,0.211,0
9/5/2023,3328,4056,29631,0,0.223,0
9/6/2023,3122,3690,28193,468,0.248,1
9/7/2023,3008,3584,27419,0,0.237,0
9/8/2023,3123,3728,27650,468,0.236,0
9/9/2023,3453,4220,29793,0,0.245,1
9/10/2023,3113,3734,27774,466,0.23,1
9/11/2023,3055,3689,27422,0,0.243,0
9/12/2023,3215,3903,28647,482,0.243,1
9/13/2023,3168,3776,27944,0,0.247,0
9/14/2023,3154,3823,27776,473,0.244,1
9/15/2023,3498,4261,30001,0,0.241,0
9/16/2023,3038,3596,27536,455,0.242,0
9/17/2023,3294,3904,28674,0,0.216,0
9/18/2023,3359,3992,29639,503,0.227,0
9/19/2023,3325,3955,28826,0,0.222,1
9/20/2023,3411,4114,30289,511,0.205,1
9/21/2023,3351,4064,29876,0,0.208,0
9/22/2023,3400,4093,29653,510,0.231,0
9/23/2023,3305,4043,29297,0,0.222,0
9/24/2023,3435,4164,29587,515,0.201,0
9/25/2023,3078,3740,27332,0,0.2,0
9/26/2023,3225,3946,28508,483,0.223,0
9/27/2023,3374,4101,29427,0,0.242,0
9/28/2023,3083,3722,27385,462,0.248,0
9/29/2023,3091,3743,27991,0,0.243,1
9/30/2023,3146,3741,28448,471,0.22,1
10/1/2023,3014,3652,26845,0,0.243,0
10/2/2023,3273,3984,28886,490,0.248,0
10/3/2023,3144,3711,27703,0,0.223,0
10/4/2023,3198,3856,28055,479,0.202,1
10/5/2023,3386,4012,29666,0,0.2,0
10/6/2023,3381,4087,29601,507,0.21,0
10/7/2023,3318,4005,29064,0,0.23,0
10/8/2023,3063,3669,27022,459,0.204,0
10/9/2023,3365,4114,29764,0,0.233,0
10/10/2023,3101,3781,27901,465,0.237,0
10/11/2023,3075,3761,27217,0,0.225,0
10/12/2023,3147,3753,28272,472,0.247,0
10/13/2023,3224,3805,28433,0,0.202,0
10/14/2023,3405,4056,30290,510,0.21,0
10/15/2023,3142,3725,27701,0,0.205,0
10/16/2023,3450,4205,30241,517,0.231,0
10/17/2023,3040,3678,27595,0,0.236,1
10/18/2023,3317,3998,29204,497,0.233,0
10/19/2023,3389,4118,29677,0,0.232,0
10/20/2023,3361,4023,29738,504,0.23,0
10/21/2023,3024,3682,26930,0,0.249,0
10/22/2023,3391,4129,29674,508,0.202,0
10/23/2023,3453,4179,29908,0,0.25,1
10/24/2023,3130,3693,27825,469,0.211,0
10/25/2023,3206,3809,28408,0,0.243,0
10/26/2023,3444,4190,30232,516,0.237,0
10/27/2023,3443,4055,30454,0,0.229,0
10/28/2023,3116,3723,27904,467,0.23,0
10/29/2023,3294,3917,29143,0,0.246,0
10/30/2023,3236,3877,28956,485,0.212,0
10/31/2023,3099,3779,27415,0,0.212,1
11/1/2023,3374,4034,29210,506,0.222,0
11/2/2023,3380,4047,29674,0,0.218,0
11/3/2023,3325,4014,29100,498,0.22,1
11/4/2023,3260,3884,29069,0,0.207,1
11/5/2023,3302,3920,29468,495,0.222,0
11/6/2023,3092,3686,27928,0,0.222,0
11/7/2023,3170,3872,27970,475,0.218,0
11/8/2023,3106,3762,27884,0,0.224,1
11/9/2023,3043,3643,27611,456,0.228,0
11/10/2023,3403,4045,29398,0,0.227,1
11/11/2023,3284,3962,28734,492,0.209,0
11/12/2023,3160,3793,27714,0,0.207,1
11/13/2023,3215,3886,28070,482,0.216,1
11/14/2023,3038,3638,27279,0,0.224,0
11/15/2023,3339,3946,29029,500,0.207,1
11/16/2023,3379,4082,30097,0,0.205,0
11/17/2023,3351,3978,29891,502,0.213,0
11/18/2023,3118,3808,27985,0,0.225,0
11/19/2023,3135,3816,28180,470,0.206,0
11/20/2023,3451,4170,29882,0,0.233,0
11/21/2023,3068,3692,27345,460,0.208,0
11/22/2023,3062,3744,27354,0,0.244,0
11/23/2023,3076,3659,27195,461,0.233,0
11/24/2023,3131,3782,28186,0,0.238,0
11/25/2023,3338,4064,29249,500,0.215,0
11/26/2023,3212,3827,28363,0,0.22,0
11/27/2023,3315,3985,29294,497,0.227,0
11/28/2023,3101,3657,27796,0,0.233,0
11/29/2023,3429,4114,30043,514,0.248,1
11/30/2023,3411,4015,29725,0,0.219,0
12/1/2023,3292,3910,29022,493,0.22,0
12/2/2023,3301,3995,29528,0,0.201,0
12/3/2023,3335,4025,29716,500,0.212,1
12/4/2023,3270,3876,28870,0,0.21,0
12/5/2023,3451,4100,29949,517,0.215,1
12/6/2023,3290,3960,28651,0,0.236,0
12/7/2023,3076,3678,27206,461,0.209,0
12/8/2023,3073,3731,27239,0,0.215,0
12/9/2023,3444,4092,30554,516,0.224,1
12/10/2023,3384,4040,29713,0,0.206,0
12/11/2023,3405,4138,30201,510,0.211,0
12/12/2023,3009,3563,26945,0,0.245,0
12/13/2023,3048,3619,27575,457,0.214,1
12/14/2023,3059,3695,27678,0,0.238,0
12/15/2023,3438,4139,29746,515,0.237,1
12/16/2023,3118,3746,27545,0,0.216,0
12/17/2023,3454,4152,29918,518,0.22,0
12/18/2023,3253,3847,28565,0,0.23,0
12/19/2023,3041,3638,27472,456,0.235,1
12/20/2023,3187,3873,28401,0,0.217,1
12/21/2023,3108,3666,27395,466,0.245,0
12/22/2023,3135,3741,27807,0,0.231,0
12/23/2023,3315,3909,29483,497,0.212,0
12/24/2023,3229,3889,28765,0,0.212,0
12/25/2023,3341,4036,29849,501,0.233,0
12/26/2023,3353,4014,29314,0,0.229,0
12/27/2023,3452,4088,30347,517,0.21,0
12/28/2023,3445,4121,30425,0,0.2,0
12/29/2023,3135,3806,28319,470,0.212,0
12/30/2023,3103,3652,27927,0,0.238,0
12/31/2023,3285,3945,29108,492,0.204,0
1/1/2024,3160,3808,28126,0,0.208,0
1/2/2024,3291,3918,28818,493,0.218,0
1/3/2024,3474,4125,30327,0,0.241,0
1/4/2024,3153,3798,28084,472,0.246,0
1/5/2024,3341,4019,29285,0,0.225,0
1/6/2024,3165,3846,28049,474,0.244,1
1/7/2024,3133,3705,27678,0,0.241,0
1/8/2024,3162,3744,28306,474,0.217,1
1/9/2024,3255,3973,28853,0,0.224,0
1/10/2024,3094,3710,27750,464,0.238,0
1/11/2024,3386,4136,30010,0,0.233,0
1/12/2024,3404,4007,29480,510,0.248,0
1/13/2024,3287,3884,29095,0,0.247,1
1/14/2024,3476,4105,30469,521,0.211,0
1/15/2024,3059,3650,27315,0,0.228,0
1/16/2024,3344,3941,29871,501,0.203,0
1/17/2024,3456,4135,29873,0,0.204,0
1/18/2024,3493,4124,30638,523,0.203,0
1/19/2024,3102,3682,27481,0,0.211,0
1/20/2024,3419,4107,29862,512,0.207,1
1/21/2024,3061,3695,27302,0,0.226,0
1/22/2024,3454,4183,30438,518,0.201,0
1/23/2024,3218,3849,28787,0,0.229,0
1/24/2024,3375,4055,29355,506,0.201,0
1/25/2024,3212,3807,28092,0,0.202,0
1/26/2024,3496,4203,30427,524,0.242,0
1/27/2024,3281,3878,29302,0,0.212,0
1/28/2024,3226,3851,28486,483,0.223,0
1/29/2024,3396,4015,29393,0,0.233,1
1/30/2024,3129,3745,27688,469,0.242,0
1/31/2024,3443,4178,30414,0,0.225,0
2/1/2024,3213,3876,28593,481,0.203,0
2/2/2024,3466,4093,30735,0,0.222,0
2/3/2024,3199,3775,28586,479,0.204,0
2/4/2024,3151,3710,28064,0,0.219,0
2/5/2024,3227,3849,28837,484,0.233,0
2/6/2024,3490,4173,30478,0,0.242,0
2/7/2024,3137,3692,27591,470,0.248,0
2/8/2024,3255,3863,29218,0,0.233,0
2/9/2024,3291,3967,29290,493,0.232,0
2/10/2024,3189,3887,28164,0,0.206,0
2/11/2024,3257,3924,28874,488,0.237,1
2/12/2024,3379,3999,29221,0,0.206,0
2/13/2024,3456,4125,30126,518,0.222,0
2/14/2024,3277,3896,29332,0,0.234,0
2/15/2024,3112,3756,27597,466,0.241,1
2/16/2024,3496,4154,30515,0,0.232,0
2/17/2024,3125,3801,28074,468,0.239,0
2/18/2024,3202,3814,28640,0,0.213,0
2/19/2024,3268,3869,28539,490,0.236,1
2/20/2024,3094,3711,27355,0,0.217,0
2/21/2024,3420,4118,29948,513,0.215,0
2/22/2024,3412,4027,29957,0,0.244,0
2/23/2024,3135,3756,27514,470,0.212,0
2/24/2024,3448,4100,29840,0,0.244,0
2/25/2024,3472,4175,30530,520,0.231,0
2/26/2024,3424,4088,30005,0,0.226,1
2/27/2024,3313,3901,29418,496,0.21,1
2/28/2024,3376,4080,29874,0,0.242,0
2/29/2024,3210,3928,28351,481,0.222,0
3/1/2024,3023,3586,26854,0,0.233,0
3/2/2024,3358,3949,29618,503,0.218,0
3/3/2024,3019,3608,27449,0,0.226,0
3/4/2024,3228,3885,28651,484,0.228,0
3/5/2024,3161,3808,28217,0,0.201,0
3/6/2024,3318,3914,28815,497,0.217,0
3/7/2024,3485,4133,30712,0,0.226,0
3/8/2024,3349,3991,29381,502,0.204,0
3/9/2024,3250,3947,28992,0,0.237,0
3/10/2024,3160,3780,28240,474,0.239,0
3/11/2024,3197,3911,28600,0,0.237,1
3/12/2024,3324,3938,29139,498,0.217,0
3/13/2024,3112,3747,27859,0,0.235,1
3/14/2024,3050,3724,27144,457,0.221,1
3/15/2024,3348,4011,29418,0,0.222,1
3/16/2024,3355,3966,29091,503,0.236,0
3/17/2024,3128,3795,27464,0,0.203,0
3/18/2024,3363,3976,29777,504,0.233,1
3/19/2024,3413,4060,29455,0,0.202,0
3/20/2024,3438,4192,29824,515,0.214,0
3/21/2024,3105,3777,27533,0,0.208,1
3/22/2024,3106,3661,28095,465,0.207,0
3/23/2024,3416,4143,29516,0,0.212,0
3/24/2024,3202,3913,28467,480,0.247,0
3/25/2024,3491,4237,30558,0,0.225,1
3/26/2024,3068,3704,27216,460,0.228,0
3/27/2024,3344,4084,29845,0,0.209,0
3/28/2024,3116,3698,27594,467,0.243,0
3/29/2024,3080,3767,27324,0,0.22,0
3/30/2024,3422,4140,29995,513,0.204,0
3/31/2024,3064,3666,27139,0,0.233,0
4/1/2024,3329,3988,29220,499,0.233,0
4/2/2024,3343,4057,29037,0,0.218,1
4/3/2024,3242,3934,28422,486,0.213,0
4/4/2024,3382,4100,29914,0,0.201,0
4/5/2024,3078,3749,27865,461,0.212,0
4/6/2024,3057,3705,27448,0,0.228,0
4/7/2024,3386,4129,29738,507,0.225,0
4/8/2024,3435,4114,29946,0,0.205,0
4/9/2024,3266,3872,28883,489,0.214,0
4/10/2024,3163,3761,27974,0,0.232,0
4/11/2024,3237,3889,28348,485,0.235,0
4/12/2024,3262,3932,28708,0,0.245,0
4/13/2024,3485,4121,30104,522,0.209,1
4/14/2024,3379,4106,29476,0,0.24,1
4/15/2024,3274,3988,29196,491,0.225,1
4/16/2024,3062,3672,27110,0,0.236,0
4/17/2024,3411,4155,29807,511,0.208,0
4/18/2024,3024,3569,26769,0,0.241,0
4/19/2024,3132,3829,27780,469,0.215,1
4/20/2024,3133,3791,27768,0,0.224,1
4/21/2024,3363,4005,29309,504,0.241,1
4/22/2024,3285,3890,29190,0,0.241,0
4/23/2024,3468,4148,30669,520,0.237,0
4/24/2024,3074,3711,27622,0,0.218,1
4/25/2024,3138,3817,27749,470,0.202,0
4/26/2024,3417,4071,30097,0,0.203,0
4/27/2024,3200,3863,28840,480,0.204,0
4/28/2024,3066,3707,27472,0,0.215,0
4/29/2024,3226,3911,28499,483,0.238,1
4/30/2024,3400,4123,30074,0,0.233,0
5/1/2024,3224,3926,28116,483,0.208,0
5/2/2024,3045,3648,27625,0,0.227,0
5/3/2024,3029,3678,27185,454,0.201,0
5/4/2024,3269,3988,28681,0,0.243,0
5/5/2024,3434,4174,30229,515,0.242,1
5/6/2024,3205,3880,28259,0,0.241,0
5/7/2024,3430,4107,29739,514,0.206,0
5/8/2024,3464,4113,29775,0,0.223,0
5/9/2024,3202,3776,28168,480,0.237,0
5/10/2024,3067,3735,27792,0,0.217,0
5/11/2024,3119,3695,27465,467,0.212,0
5/12/2024,3157,3777,27893,0,0.239,0
5/13/2024,3148,3711,28328,472,0.23,0
5/14/2024,3200,3902,28551,0,0.241,1
5/15/2024,3064,3606,27614,459,0.204,1
5/16/2024,3173,3849,28301,0,0.245,0
5/17/2024,3231,3946,28567,484,0.239,0
5/18/2024,3310,3973,28803,0,0.219,0
5/19/2024,3341,3971,29173,501,0.224,1
5/20/2024,3071,3704,27128,0,0.213,0
5/21/2024,3267,3936,29241,490,0.212,0
5/22/2024,3440,4100,30062,0,0.21,0
5/23/2024,3236,3879,28734,485,0.227,1
5/24/2024,3368,3996,29139,0,0.205,0
5/25/2024,3340,3998,29116,501,0.22,0
5/26/2024,3232,3862,28250,0,0.231,0
5/27/2024,3306,4027,29211,495,0.201,0
5/28/2024,3493,4274,30090,0,0.214,0
5/29/2024,3107,3762,28081,466,0.234,0
5/30/2024,3444,4101,30420,0,0.248,1
5/31/2024,3007,3660,26629,451,0.236,1
6/1/2024,3176,3827,28397,0,0.206,0
6/2/2024,3126,3775,27525,468,0.23,0
6/3/2024,3112,3670,27418,0,0.218,1
6/4/2024,3446,4159,30263,516,0.244,0
6/5/2024,3397,4098,30172,0,0.231,1
6/6/2024,3083,3720,27789,462,0.226,1
6/7/2024,3349,3961,28985,0,0.221,0
6/8/2024,3320,3917,29146,498,0.246,1
6/9/2024,3126,3727,28082,0,0.233,1
6/10/2024,3437,4182,29966,515,0.204,0
6/11/2024,3485,4230,30342,0,0.24,1
6/12/2024,3155,3798,28314,473,0.205,1
6/13/2024,3159,3771,28202,0,0.235,0
6/14/2024,3166,3800,27865,474,0.232,0
6/15/2024,3320,3959,28918,0,0.201,0
6/16/2024,3475,4087,30213,521,0.24,0
6/17/2024,3368,4070,29675,0,0.218,0
6/18/2024,3203,3852,28066,480,0.208,1
6/19/2024,3413,4018,29896,0,0.248,0
6/20/2024,3154,3740,28453,473,0.221,0
6/21/2024,3261,3953,28789,0,0.214,1
6/22/2024,3124,3729,27758,468,0.224,0
6/23/2024,3273,3978,29354,0,0.214,1
6/24/2024,3499,4120,30954,524,0.239,1
6/25/2024,3488,4194,30456,0,0.238,1
6/26/2024,3434,4097,30352,515,0.235,0
6/27/2024,3340,3982,29165,0,0.248,0
6/28/2024,3498,4141,30567,524,0.25,0
6/29/2024,3353,4021,29378,0,0.25,1
6/30/2024,3103,3697,27975,465,0.223,0
7/1/2024,3007,3541,27028,0,0.227,0
7/2/2024,3063,3689,27526,459,0.218,0
7/3/2024,3245,3836,28978,0,0.206,0
7/4/2024,3019,3617,26739,452,0.248,1
7/5/2024,3153,3856,28056,0,0.243,0
7/6/2024,3249,3897,28763,487,0.228,0
7/7/2024,3410,4093,29862,0,0.229,1
7/8/2024,3461,4145,30172,519,0.23,0
7/9/2024,3390,4142,29445,0,0.205,1
7/10/2024,3336,4025,29163,500,0.212,0
7/11/2024,3322,3978,29263,0,0.231,1
7/12/2024,3207,3888,28834,481,0.202,1
7/13/2024,3393,4012,29560,0,0.218,1
7/14/2024,3151,3816,28082,472,0.24,1
7/15/2024,3369,4071,29892,0,0.215,0
7/16/2024,3064,3653,27562,459,0.203,0
7/17/2024,3135,3802,28084,0,0.238,1
7/18/2024,3193,3770,28260,478,0.236,0
7/19/2024,3259,3896,28416,0,0.217,0
7/20/2024,3187,3836,28485,478,0.2,0
7/21/2024,3357,3996,29101,0,0.225,0
7/22/2024,3143,3768,27688,471,0.236,0
7/23/2024,3414,4052,29688,0,0.24,1
7/24/2024,3381,4019,29214,507,0.229,1
7/25/2024,3400,4102,30255,0,0.23,0
7/26/2024,3312,4015,28894,496,0.236,1
7/27/2024,3073,3700,27618,0,0.204,0
7/28/2024,3013,3610,26867,451,0.215,0
7/29/2024,3029,3637,26900,0,0.239,0
7/30/2024,3118,3690,28159,467,0.241,0
7/31/2024,3360,4072,29348,0,0.2,0
8/1/2024,3153,3816,28153,472,0.245,0
8/2/2024,3263,3837,28609,0,0.237,0
8/3/2024,3138,3814,27640,470,0.228,1
8/4/2024,3451,4189,30535,0,0.222,1
8/5/2024,3111,3798,27929,466,0.206,0
8/6/2024,3412,4075,30010,0,0.235,0
8/7/2024,3022,3590,27471,453,0.209,0
8/8/2024,3010,3677,27240,0,0.215,0
8/9/2024,3466,4181,30746,519,0.205,0
8/10/2024,3358,4029,29442,0,0.223,0
8/11/2024,3461,4198,29745,519,0.243,0
8/12/2024,3228,3923,28912,0,0.211,0
8/13/2024,3458,4187,30349,518,0.24,0
8/14/2024,3236,3851,28322,0,0.233,0
8/15/2024,3027,3701,26809,454,0.234,0
8/16/2024,3064,3734,27265,0,0.218,0
8/17/2024,3117,3782,27857,467,0.205,0
8/18/2024,3012,3596,26946,0,0.201,0
8/19/2024,3137,3693,28166,470,0.217,1
8/20/2024,3371,3965,29563,0,0.248,0
8/21/2024,3229,3915,28562,484,0.213,0
8/22/2024,3091,3779,27312,0,0.201,0
8/23/2024,3221,3844,28259,483,0.222,0
8/24/2024,3152,3823,28079,0,0.217,0
8/25/2024,3015,3627,27242,452,0.227,1
8/26/2024,3306,3891,29510,0,0.239,0
8/27/2024,3455,4097,29848,518,0.245,0
8/28/2024,3156,3748,28077,0,0.237,0
8/29/2024,3217,3873,28960,482,0.212,0
8/30/2024,3467,4167,30718,0,0.204,0
8/31/2024,3058,3702,27508,458,0.245,1
9/1/2024,3300,3924,29545,0,0.226,1
9/2/2024,3350,4048,29224,502,0.217,1
9/3/2024,3215,3892,28539,0,0.203,0
9/4/2024,3281,3881,28514,492,0.232,0
9/5/2024,3053,3651,27201,0,0.238,0
9/6/2024,3121,3772,27476,468,0.214,1
9/7/2024,3209,3858,28175,0,0.223,0
9/8/2024,3005,3598,26790,450,0.202,1
9/9/2024,3239,3963,28697,0,0.22,0
9/10/2024,3168,3755,28576,475,0.25,0
9/11/2024,3089,3710,27380,0,0.223,1
9/12/2024,3470,4092,30408,520,0.249,0
9/13/2024,3370,4081,29453,0,0.235,0
9/14/2024,3335,4078,29585,500,0.208,0
9/15/2024,3351,3990,29205,0,0.223,0
9/16/2024,3083,3709,27815,462,0.225,0
9/17/2024,3073,3729,27405,0,0.228,1
9/18/2024,3468,4115,30102,520,0.242,0
9/19/2024,3090,3671,27410,0,0.22,1
9/20/2024,3172,3748,28016,475,0.22,1
9/21/2024,3498,4196,30498,0,0.224,0
9/22/2024,3403,4125,30219,510,0.248,0
9/23/2024,3205,3864,28876,0,0.219,0
9/24/2024,3081,3720,27343,462,0.21,1
9/25/2024,3115,3667,28101,0,0.238,0
9/26/2024,3192,3780,28671,478,0.214,1
9/27/2024,3196,3868,28428,0,0.221,0
9/28/2024,3370,4008,29451,505,0.245,1
9/29/2024,3039,3632,27496,0,0.241,1
9/30/2024,3241,3843,28769,486,0.209,0
10/1/2024,3102,3652,27832,0,0.218,0
10/2/2024,3482,4179,30285,522,0.241,1
10/3/2024,3188,3860,28560,0,0.218,1
10/4/2024,3289,4006,29059,493,0.214,0
10/5/2024,3068,3665,27516,0,0.227,0
10/6/2024,3187,3827,27911,478,0.249,0
10/7/2024,3421,4024,29887,0,0.244,0
10/8/2024,3451,4218,29890,517,0.233,0
10/9/2024,3452,4185,30269,0,0.245,1
10/10/2024,3111,3780,27499,466,0.219,1
10/11/2024,3373,4032,29347,0,0.238,0
10/12/2024,3455,4172,29777,518,0.227,0
10/13/2024,3442,4092,30110,0,0.213,0
10/14/2024,3213,3819,28582,481,0.215,0
10/15/2024,3404,4094,30095,0,0.235,0
10/16/2024,3080,3760,27842,462,0.235,0
10/17/2024,3378,4102,29288,0,0.206,1
10/18/2024,3312,3938,29468,496,0.21,0
10/19/2024,3261,3939,28514,0,0.206,0
10/20/2024,3367,4050,29990,505,0.225,0
10/21/2024,3270,3925,28786,0,0.245,0
10/22/2024,3042,3699,26877,456,0.235,1
10/23/2024,3188,3764,28368,0,0.225,0
10/24/2024,3480,4254,29923,522,0.225,0
10/25/2024,3389,4004,30160,0,0.236,1
10/26/2024,3079,3640,27867,461,0.208,0
10/27/2024,3150,3752,28329,0,0.225,0
10/28/2024,3205,3865,28499,480,0.242,1
10/29/2024,3209,3811,28160,0,0.209,0
10/30/2024,3052,3634,27238,457,0.231,0
10/31/2024,3056,3722,27482,0,0.212,0
11/1/2024,3049,3648,27501,457,0.217,0
11/2/2024,3046,3637,27733,0,0.239,0
11/3/2024,3214,3810,28424,482,0.238,0
11/4/2024,3028,3608,27570,0,0.246,0
11/5/2024,3061,3675,27152,459,0.249,0
11/6/2024,3317,3989,28930,0,0.229,0
11/7/2024,3176,3795,28022,476,0.21,0
11/8/2024,3207,3868,28493,0,0.234,0
11/9/2024,3438,4055,29657,515,0.248,0
11/10/2024,3437,4156,30018,0,0.205,0
11/11/2024,3308,3892,29586,496,0.213,0
11/12/2024,3480,4204,30441,0,0.226,0
11/13/2024,3257,3965,29206,488,0.205,0
11/14/2024,3078,3651,27924,0,0.2,0
11/15/2024,3355,4058,29654,503,0.22,0
11/16/2024,3067,3744,27505,0,0.247,0
11/17/2024,3072,3736,27236,460,0.234,1
11/18/2024,3144,3772,28221,0,0.216,1
11/19/2024,3340,4074,29318,501,0.213,0
11/20/2024,3072,3677,27930,0,0.211,0
11/21/2024,3040,3610,27462,456,0.205,0
11/22/2024,3150,3711,28412,0,0.201,0
11/23/2024,3365,4000,29317,504,0.203,0
11/24/2024,3450,4092,30243,0,0.23,0
11/25/2024,3137,3822,27856,470,0.225,0
11/26/2024,3173,3791,28223,0,0.213,1
11/27/2024,3263,3848,28723,489,0.246,0
11/28/2024,3344,3986,29749,0,0.246,1
11/29/2024,3337,4050,29316,500,0.232,0
11/30/2024,3187,3875,28308,0,0.227,0
12/1/2024,3334,3931,29641,500,0.215,0
12/2/2024,3184,3775,28368,0,0.22,0
12/3/2024,3087,3767,27267,463,0.238,0
12/4/2024,3241,3875,29071,0,0.206,0
12/5/2024,3496,4142,30632,524,0.244,1
12/6/2024,3083,3691,27845,0,0.2,1
12/7/2024,3282,3940,29006,492,0.218,0
12/8/2024,3051,3715,27637,0,0.211,1
12/9/2024,3388,4037,29577,508,0.225,1
12/10/2024,3096,3688,28021,0,0.204,1
12/11/2024,3038,3600,27571,455,0.234,1
12/12/2024,3470,4157,30206,0,0.201,0
12/13/2024,3238,3912,28375,485,0.235,0
12/14/2024,3406,4075,30071,0,0.243,0
12/15/2024,3107,3730,27454,466,0.204,0
12/16/2024,3234,3916,28983,0,0.206,0
12/17/2024,3114,3695,27814,467,0.23,0
12/18/2024,3246,3855,28510,0,0.217,0
12/19/2024,3151,3798,28107,472,0.221,0
12/20/2024,3018,3647,27051,0,0.238,0
12/21/2024,3353,4009,29818,502,0.232,0
12/22/2024,3204,3875,28424,0,0.247,0
12/23/2024,3343,4042,29126,501,0.22,1
12/24/2024,3006,3646,27421,0,0.239,0
12/25/2024,3170,3738,28167,475,0.228,0
12/26/2024,3415,4133,30269,0,0.237,0
12/27/2024,3311,4026,29474,496,0.242,0
12/28/2024,3434,4085,30068,0,0.226,1
12/29/2024,3424,4171,29935,513,0.204,0
12/30/2024,3231,3802,28418,0,0.21,0
12/31/2024,3005,3590,27070,450,0.248,0
1/1/2025,3312,4050,29138,0,0.226,1
1/2/2025,3019,3694,27182,452,0.216,0
1/3/2025,3181,3852,28363,0,0.235,0
1/4/2025,3059,3703,27547,458,0.235,0
1/5/2025,3234,3932,28947,0,0.219,0
1/6/2025,3481,4222,30414,522,0.203,0
1/7/2025,3249,3906,28762,0,0.218,0
1/8/2025,3499,4138,30660,524,0.231,0
1/9/2025,3070,3707,27358,0,0.22,0
1/10/2025,3399,4121,29885,509,0.233,1
1/11/2025,3484,4187,30639,0,0.215,0
1/12/2025,3266,3883,28589,489,0.216,0
1/13/2025,3442,4190,30449,0,0.236,0
1/14/2025,3335,3934,29528,500,0.219,1
1/15/2025,3145,3843,27954,0,0.227,0
1/16/2025,3194,3900,28479,479,0.216,0
1/17/2025,3155,3780,27889,0,0.233,1
1/18/2025,3073,3711,27781,460,0.239,0
1/19/2025,3325,4035,29529,0,0.237,0
1/20/2025,3391,3992,29508,508,0.202,1
1/21/2025,3162,3843,28249,0,0.243,0
1/22/2025,3216,3920,28861,482,0.216,1
1/23/2025,3103,3748,27368,0,0.237,1
1/24/2025,3380,3985,29276,507,0.25,0
1/25/2025,3286,3990,29162,0,0.2,0
1/26/2025,3350,3946,29366,502,0.207,0
1/27/2025,3186,3876,28218,0,0.201,0
1/28/2025,3290,3871,28585,493,0.246,0
1/29/2025,3355,3951,29801,0,0.231,0
1/30/2025,3207,3835,28361,481,0.22,0
1/31/2025,3028,3670,27147,0,0.235,0
2/1/2025,3275,3940,29262,491,0.219,0
2/2/2025,3027,3636,26944,0,0.25,1
2/3/2025,3387,4123,29672,508,0.247,0
2/4/2025,3287,3937,29169,0,0.234,0
2/5/2025,3470,4234,30417,520,0.203,0
2/6/2025,3344,4036,29197,0,0.208,0
2/7/2025,3259,3897,28543,488,0.202,0
2/8/2025,3208,3901,28159,0,0.201,0
2/9/2025,3374,3995,29574,506,0.223,0
2/10/2025,3165,3803,28144,0,0.22,0
2/11/2025,3292,4003,29175,493,0.204,0
2/12/2025,3363,4012,29119,0,0.202,0
2/13/2025,3413,4163,30002,511,0.212,0
2/14/2025,3234,3835,28966,0,0.244,0
2/15/2025,3180,3861,28602,477,0.206,0
2/16/2025,3292,4013,29157,0,0.249,0
2/17/2025,3094,3753,27335,464,0.217,0
2/18/2025,3267,3970,29191,0,0.247,0
2/19/2025,3010,3653,26999,451,0.208,0
2/20/2025,3049,3624,27002,0,0.208,0
2/21/2025,3386,4142,29385,507,0.206,0
2/22/2025,3406,4135,29676,0,0.215,0
2/23/2025,3059,3718,27297,458,0.218,0
2/24/2025,3035,3599,27507,0,0.207,0
2/25/2025,3382,4137,29457,507,0.205,1
2/26/2025,3010,3621,27326,0,0.207,0
2/27/2025,3423,4075,29780,513,0.2,0
2/28/2025,3342,3943,29356,0,0.215,1
3/1/2025,3105,3693,27616,465,0.21,0
3/2/2025,3017,3644,27353,0,0.243,0
3/3/2025,3318,3922,29284,497,0.238,1
3/4/2025,3217,3813,28509,0,0.237,0
3/5/2025,3427,4143,30140,514,0.206,0
3/6/2025,3399,4050,29749,0,0.238,0
3/7/2025,3396,4138,30074,509,0.226,0
3/8/2025,3187,3822,28438,0,0.211,0
3/9/2025,3280,3974,28757,492,0.207,1
3/10/2025,3052,3629,27123,0,0.209,1
3/11/2025,3405,4102,29908,510,0.228,0
3/12/2025,3005,3587,27285,0,0.218,0
3/13/2025,3176,3846,28297,476,0.217,1
3/14/2025,3126,3709,27635,0,0.244,0
3/15/2025,3405,4127,29952,510,0.23,0
3/16/2025,3499,4240,30152,0,0.223,0
3/17/2025,3272,3894,28663,490,0.247,1
3/18/2025,3327,3945,29045,0,0.245,0
3/19/2025,3496,4240,30670,524,0.231,0
3/20/2025,3400,4113,30214,0,0.219,0
3/21/2025,3337,3951,28920,500,0.21,0
3/22/2025,3423,4062,30123,0,0.223,0
3/23/2025,3052,3596,26966,457,0.228,0
3/24/2025,3181,3892,28530,0,0.238,0
3/25/2025,3287,3873,29215,493,0.206,0
3/26/2025,3071,3747,27665,0,0.231,0
3/27/2025,3370,4084,29236,505,0.239,0
3/28/2025,3220,3919,28842,0,0.246,0
3/29/2025,3101,3649,27990,465,0.226,0
3/30/2025,3226,3858,28394,0,0.217,0
3/31/2025,3103,3788,27517,465,0.231,0
4/1/2025,3485,4147,30511,0,0.23,0
4/2/2025,3213,3821,28294,481,0.248,0
4/3/2025,3287,3951,28868,0,0.222,0
4/4/2025,3251,3876,28373,487,0.222,0
4/5/2025,3209,3926,28499,0,0.249,1
4/6/2025,3369,4112,29169,505,0.205,0
4/7/2025,3075,3656,27388,0,0.222,1
4/8/2025,3066,3641,27437,459,0.233,0
4/9/2025,3447,4098,29817,0,0.215,0
4/10/2025,3282,3868,28520,492,0.211,0
4/11/2025,3281,3971,29294,0,0.218,0
4/12/2025,3131,3729,28084,469,0.214,0
4/13/2025,3157,3855,28190,0,0.243,1
4/14/2025,3468,4200,30306,520,0.214,0
4/15/2025,3249,3842,28955,0,0.232,0
4/16/2025,3377,4059,30019,506,0.217,0
4/17/2025,3451,4154,29776,0,0.244,0
4/18/2025,3191,3890,28247,478,0.216,0
4/19/2025,3202,3888,28059,0,0.229,0
4/20/2025,3055,3606,27457,458,0.211,1
4/21/2025,3001,3635,26614,0,0.233,0
4/22/2025,3331,4056,29587,499,0.237,0
4/23/2025,3380,4107,30117,0,0.213,1
4/24/2025,3468,4118,29930,520,0.206,0
4/25/2025,3384,4053,29428,0,0.231,0
4/26/2025,3190,3856,28685,478,0.237,0
4/27/2025,3098,3695,27566,0,0.24,0
4/28/2025,3089,3655,27912,463,0.218,1
4/29/2025,3162,3752,28028,0,0.24,1
4/30/2025,3282,3982,28767,492,0.21,0
5/1/2025,3196,3901,28536,0,0.227,0
5/2/2025,3004,3577,26817,450,0.233,0
5/3/2025,3387,4074,29912,0,0.203,0
5/4/2025,3374,4050,29876,506,0.202,0
5/5/2025,3418,4077,29974,0,0.22,1
5/6/2025,3359,4001,29454,503,0.245,1
5/7/2025,3354,4001,29396,0,0.234,0
5/8/2025,3367,3994,29369,505,0.228,0
5/9/2025,3399,4004,29716,0,0.208,1
5/10/2025,3286,3879,28834,492,0.248,0
5/11/2025,3486,4136,30778,0,0.247,1
5/12/2025,3489,4156,30213,523,0.205,0
5/13/2025,3369,4071,29515,0,0.237,1
5/14/2025,3172,3830,27767,475,0.247,0
5/15/2025,3107,3710,28110,0,0.213,1
5/16/2025,3423,4115,29744,513,0.245,0
5/17/2025,3375,3975,29409,0,0.2,1
5/18/2025,3387,4035,29456,508,0.211,1
5/19/2025,3453,4133,29815,0,0.219,0
5/20/2025,3460,4233,29760,519,0.23,0
5/21/2025,3224,3858,28391,0,0.21,0
5/22/2025,3124,3707,27699,468,0.227,0
5/23/2025,3411,4032,29939,0,0.222,0
5/24/2025,3489,4117,30318,523,0.205,0
5/25/2025,3333,3945,29177,0,0.204,0
5/26/2025,3084,3750,27997,462,0.207,0
5/27/2025,3063,3642,27042,0,0.246,0
5/28/2025,3271,3936,28798,490,0.201,0
5/29/2025,3261,3957,28656,0,0.212,0
5/30/2025,3187,3808,28731,478,0.227,0
5/31/2025,3282,3948,29205,0,0.207,0
6/1/2025,3062,3608,27370,459,0.242,1
6/2/2025,3252,3873,28544,0,0.204,0
6/3/2025,3291,3941,28887,493,0.244,0
6/4/2025,3399,4051,29947,0,0.244,0
6/5/2025,3284,3914,28891,492,0.226,0
6/6/2025,3105,3682,27557,0,0.246,0
6/7/2025,3280,3899,28832,492,0.22,0
6/8/2025,3452,4196,30246,0,0.217,1
6/9/2025,3426,4134,29751,513,0.244,1
6/10/2025,3419,4040,29560,0,0.232,1
6/11/2025,3334,4052,29499,500,0.241,0
6/12/2025,3403,4109,29854,0,0.204,0
6/13/2025,3299,3892,29548,494,0.208,1
6/14/2025,3146,3725,27891,0,0.238,0
6/15/2025,3414,4062,29867,512,0.231,0
6/16/2025,3129,3772,28047,0,0.225,0
6/17/2025,3422,4177,30135,513,0.241,0
6/18/2025,3003,3618,27040,0,0.213,0
6/19/2025,3458,4231,30006,518,0.211,0
6/20/2025,3385,4078,29706,0,0.203,0
6/21/2025,3305,3993,29456,495,0.216,0
6/22/2025,3368,4113,29826,0,0.2,0
6/23/2025,3083,3666,27812,462,0.211,0
6/24/2025,3295,3926,29213,0,0.233,0
6/25/2025,3245,3836,28811,486,0.242,0
6/26/2025,3040,3720,27010,0,0.23,0
6/27/2025,3072,3681,27085,460,0.204,0
6/28/2025,3275,3927,29179,0,0.234,0
6/29/2025,3410,4113,30161,511,0.22,1
6/30/2025,3100,3731,27755,0,0.225,0
7/1/2025,3333,4053,28983,499,0.24,1
7/2/2025,3149,3724,28232,0,0.215,0
7/3/2025,3335,4081,29443,500,0.215,1
7/4/2025,3147,3843,27849,0,0.2,0
7/5/2025,3186,3888,28146,477,0.206,0
7/6/2025,3205,3881,28276,0,0.233,0
7/7/2025,3198,3780,28666,479,0.246,0
7/8/2025,3043,3673,26963,0,0.22,0
7/9/2025,3378,4020,30016,506,0.201,0
7/10/2025,3475,4129,29851,0,0.227,1
7/11/2025,3250,3950,29112,487,0.228,1
7/12/2025,3094,3694,27750,0,0.219,0
7/13/2025,3246,3892,28392,486,0.204,1
7/14/2025,3053,3655,27398,0,0.244,1
7/15/2025,3045,3648,27161,456,0.224,0
7/16/2025,3193,3858,28513,0,0.216,0
7/17/2025,3130,3791,28056,469,0.206,0
7/18/2025,3275,3969,29266,0,0.225,0
7/19/2025,3172,3849,28358,475,0.238,0
7/20/2025,3110,3749,28074,0,0.21,0
7/21/2025,3297,3960,28877,494,0.215,0
7/22/2025,3136,3700,27563,0,0.205,0
7/23/2025,3478,4101,29905,521,0.215,1
7/24/2025,3097,3716,27843,0,0.213,0
7/25/2025,3425,4053,30432,513,0.227,0
7/26/2025,3430,4093,30145,0,0.223,0
7/27/2025,3153,3824,27927,472,0.247,0
7/28/2025,3308,3940,28745,0,0.238,0
7/29/2025,3440,4205,30203,516,0.247,0
7/30/2025,3121,3732,28226,0,0.213,0
7/31/2025,3027,3643,27058,454,0.241,0
8/1/2025,3352,4023,29146,0,0.233,1
8/2/2025,3207,3789,28845,481,0.244,0
8/3/2025,3216,3846,28410,0,0.233,0
8/4/2025,3243,3875,28660,486,0.221,0
8/5/2025,3336,4075,29026,0,0.224,0
8/6/2025,3380,3992,30008,507,0.215,0
8/7/2025,3187,3772,28518,0,0.21,0
8/8/2025,3000,3534,26885,450,0.205,0
8/9/2025,3407,4137,29887,0,0.204,0
8/10/2025,3333,3943,29024,499,0.244,0
8/11/2025,3250,3889,28837,0,0.204,1
8/12/2025,3473,4162,30313,520,0.21,0
8/13/2025,3065,3697,27737,0,0.239,0
8/14/2025,3454,4174,30006,518,0.249,0
8/15/2025,3389,4102,29286,0,0.22,0
8/16/2025,3094,3786,27233,464,0.245,0
8/17/2025,3011,3678,26674,0,0.249,0
8/18/2025,3246,3852,28782,486,0.218,0
8/19/2025,3486,4163,29967,0,0.23,1
8/20/2025,3235,3921,29012,485,0.242,0
8/21/2025,3010,3659,27144,0,0.218,0
8/22/2025,3021,3584,27515,453,0.223,0
8/23/2025,3084,3688,27983,0,0.227,0
8/24/2025,3219,3787,28513,482,0.201,1
8/25/2025,3452,4159,30418,0,0.226,0
8/26/2025,3294,3932,29173,494,0.201,0
8/27/2025,3265,3871,28751,0,0.203,0
8/28/2025,3076,3757,27862,461,0.214,0
8/29/2025,3174,3809,27828,0,0.204,0
8/30/2025,3332,4077,29045,499,0.213,0
8/31/2025,3326,3927,28857,0,0.209,0
9/1/2025,3484,4172,30222,522,0.229,0
9/2/2025,3368,3973,29264,0,0.206,0
9/3/2025,3367,4069,29254,505,0.203,0
9/4/2025,3452,4216,29818,0,0.219,0
9/5/2025,3145,3800,27724,471,0.203,0
9/6/2025,3159,3789,28038,0,0.201,0
9/7/2025,3301,4038,28683,495,0.248,0
9/8/2025,3279,3905,28854,0,0.212,0
9/9/2025,3117,3757,27563,467,0.229,0
9/10/2025,3174,3873,27838,0,0.214,0
9/11/2025,3202,3895,28257,480,0.234,1
9/12/2025,3044,3612,27222,0,0.22,1
9/13/2025,3150,3706,27780,472,0.241,0
9/14/2025,3443,4144,30421,0,0.24,1
9/15/2025,3176,3880,28578,476,0.233,0
9/16/2025,3293,3936,29069,0,0.25,0
9/17/2025,3495,4239,30948,524,0.201,0
9/18/2025,3213,3914,28857,0,0.25,0
9/19/2025,3150,3750,28253,472,0.235,0
9/20/2025,3076,3705,27597,0,0.208,0
9/21/2025,3406,4056,29579,510,0.203,1
9/22/2025,3434,4096,30307,0,0.228,0
9/23/2025,3136,3800,27875,470,0.21,0
9/24/2025,3300,3958,28761,0,0.213,0
9/25/2025,3400,4111,29497,510,0.216,0
9/26/2025,3330,3961,29528,0,0.201,0
9/27/2025,3167,3743,28234,475,0.203,0
9/28/2025,3447,4144,30039,0,0.226,1
9/29/2025,3483,4142,30375,522,0.206,0
9/30/2025,3399,4094,30088,0,0.221,0
10/1/2025,3498,4156,30316,524,0.208,0
10/2/2025,3359,3989,29330,0,0.228,0
10/3/2025,3121,3680,28136,468,0.209,0
10/4/2025,3009,3613,26822,0,0.214,0
10/5/2025,3328,4010,29191,499,0.243,0
10/6/2025,3153,3849,27647,0,0.208,1
10/7/2025,3246,3920,29001,486,0.244,1
10/8/2025,3259,3988,29013,0,0.214,1
10/9/2025,3495,4163,30031,524,0.207,0
10/10/2025,3484,4120,30738,0,0.225,0
10/11/2025,3073,3748,27115,460,0.226,0
10/12/2025,3059,3628,27821,0,0.232,1
10/13/2025,3205,3826,28781,480,0.208,0
10/14/2025,3275,3913,28586,0,0.234,0
10/15/2025,3358,4050,29718,503,0.218,0
10/16/2025,3074,3710,27729,0,0.212,0
10/17/2025,3466,4163,30671,519,0.241,1
10/18/2025,3014,3653,27433,0,0.242,0
10/19/2025,3357,4051,29053,503,0.239,1
10/20/2025,3231,3925,28239,0,0.23,0
10/21/2025,3272,3895,29232,490,0.243,0
10/22/2025,3408,4156,29471,0,0.243,0
10/23/2025,3438,4125,30206,515,0.226,0
10/24/2025,3481,4104,30052,0,0.2,0
10/25/2025,3175,3783,28369,476,0.238,1
10/26/2025,3275,3896,29184,0,0.24,1
10/27/2025,3156,3823,28249,473,0.213,1
10/28/2025,3245,3863,29041,0,0.248,0
10/29/2025,3454,4125,29857,518,0.242,0
10/30/2025,3177,3797,28308,0,0.215,0
10/31/2025,3431,4171,30333,514,0.235,0
11/1/2025,3115,3733,27984,0,0.246,0
11/2/2025,3379,4091,29286,506,0.22,1
11/3/2025,3334,3932,29197,0,0.243,0
11/4/2025,3078,3656,27926,461,0.215,0
11/5/2025,3351,4034,29921,0,0.246,0
11/6/2025,3033,3620,27109,454,0.217,0
11/7/2025,3454,4207,30183,0,0.225,0
11/8/2025,3391,4052,29712,508,0.223,1
11/9/2025,3093,3699,27583,0,0.239,0
11/10/2025,3271,3980,29055,490,0.207,0
11/11/2025,3129,3819,28043,0,0.237,0
11/12/2025,3472,4155,30712,520,0.217,0
11/13/2025,3487,4180,30762,0,0.205,0
11/14/2025,3341,4064,29613,501,0.208,0
11/15/2025,3365,4098,29764,0,0.212,0
11/16/2025,3131,3759,27784,469,0.219,0
11/17/2025,3283,3897,29210,0,0.246,0
11/18/2025,3289,3876,28737,493,0.202,0
11/19/2025,3017,3613,27320,0,0.234,1
11/20/2025,3464,4216,30603,519,0.2,0
11/21/2025,3313,3902,29476,0,0.216,0
11/22/2025,3069,3645,27515,460,0.25,1
11/23/2025,3362,3996,29566,0,0.243,0
11/24/2025,3297,3914,29373,494,0.217,1
11/25/2025,3421,4185,30379,0,0.207,0
11/26/2025,3454,4092,30231,518,0.215,0
11/27/2025,3285,3932,29434,0,0.24,0
11/28/2025,3041,3591,27673,456,0.203,0
11/29/2025,3272,3897,29063,0,0.242,1
11/30/2025,3450,4162,29786,517,0.204,1
12/1/2025,3380,3981,30005,0,0.206,0
12/2/2025,3384,4019,30028,507,0.208,1
12/3/2025,3167,3756,27828,0,0.242,0
12/4/2025,3272,3976,29259,490,0.21,0
12/5/2025,3334,4061,29760,0,0.238,0
12/6/2025,3095,3742,27376,464,0.216,0
12/7/2025,3325,4014,29192,0,0.233,0
12/8/2025,3057,3607,27294,458,0.221,0
12/9/2025,3409,4043,29634,0,0.248,0
12/10/2025,3035,3595,27153,455,0.247,0
12/11/2025,3054,3713,27384,0,0.231,0
12/12/2025,3412,4068,30005,511,0.21,0
12/13/2025,3168,3806,28393,0,0.241,0
12/14/2025,3042,3587,27153,456,0.216,0
12/15/2025,3102,3740,27996,0,0.234,0
12/16/2025,3443,4070,29808,516,0.212,0
12/17/2025,3447,4208,30212,0,0.226,0
12/18/2025,3283,3892,28952,492,0.24,0
12/19/2025,3291,3951,28956,0,0.21,0
12/20/2025,3446,4147,30463,516,0.236,0
12/21/2025,3116,3722,27446,0,0.207,0
12/22/2025,3144,3732,28315,471,0.22,0
12/23/2025,3471,4133,30711,0,0.208,1
12/24/2025,3167,3833,27938,475,0.222,0
12/25/2025,3073,3692,27248,0,0.208,1
12/26/2025,3081,3653,27903,462,0.206,0
12/27/2025,3403,4097,29896,0,0.203,0
12/28/2025,3154,3779,27836,473,0.237,1
12/29/2025,3216,3888,28297,0,0.231,1
12/30/2025,3130,3733,28268,469,0.228,0
